condition,holdout,learned_threshold,internal_mean_f1,default_f1,calibrated_f1,delta,default_recall,calibrated_recall,default_precision,calibrated_precision,calibrated_fp,calibrated_fn
exp018_shape3_shape6_shell6,apo_pdb,0.5300000000000002,0.9023882974876605,0.7118644067796609,0.6782608695652174,-0.033603537214443535,0.6268656716417911,0.582089552238806,0.8235294117647058,0.8125,9,28
exp018_shape3_shape6_shell6,alphafold,0.5300000000000002,0.9023882974876605,0.6712328767123287,0.6666666666666666,-0.004566210045662045,0.5384615384615384,0.5274725274725275,0.8909090909090909,0.9056603773584906,5,43
exp019_five_way,apo_pdb,0.5400000000000003,0.905422730082934,0.6486486486486487,0.6363636363636362,-0.012285012285012442,0.5373134328358209,0.5223880597014925,0.8181818181818182,0.813953488372093,8,32
exp019_five_way,alphafold,0.5400000000000003,0.905422730082934,0.6231884057971014,0.6074074074074074,-0.015780998389694045,0.4725274725274725,0.45054945054945056,0.9148936170212766,0.9318181818181818,3,50
exp020_shell6_chem_equal,apo_pdb,0.5100000000000002,0.9035703692193272,0.7166666666666667,0.7058823529411765,-0.010784313725490158,0.6417910447761194,0.6268656716417911,0.8113207547169812,0.8076923076923077,10,25
exp020_shell6_chem_equal,alphafold,0.5100000000000002,0.9035703692193272,0.6979865771812079,0.6620689655172415,-0.03591761166396645,0.5714285714285714,0.5274725274725275,0.896551724137931,0.8888888888888888,6,43
exp021_shell6_chem_20_80,apo_pdb,0.5200000000000002,0.9036242479412404,0.7166666666666667,0.6837606837606838,-0.0329059829059829,0.6417910447761194,0.5970149253731343,0.8113207547169812,0.8,10,27
exp021_shell6_chem_20_80,alphafold,0.5200000000000002,0.9036242479412404,0.7152317880794702,0.6802721088435374,-0.034959679235932795,0.5934065934065934,0.5494505494505495,0.9,0.8928571428571429,6,41
